{
  "project_info": {
    "project_number": "163262416800",
    "project_id": "flutter-proyecto-tienda",
    "storage_bucket": "flutter-proyecto-tienda.appspot.com"
  },
  "client": [
    {
      "client_info": {
        "mobilesdk_app_id": "1:163262416800:android:acb30760a02981fdb7c6c5",
        "android_client_info": {
          "package_name": "com.example.flutter_proyecto_tienda"
        }
      },
      "oauth_client": [
        {
          "client_id": "163262416800-a9v8e2it3ohe1g5eiu08bi1d923ulfqq.apps.googleusercontent.com",
          "client_type": 3
        }
      ],
      "api_key": [
        {
          "current_key": "AIzaSyCdg-ybGTxcmq8UJsYrjV9y6qsmGIlfpcg"
        }
      ],
      "services": {
        "appinvite_service": {
          "other_platform_oauth_client": [
            {
              "client_id": "163262416800-a9v8e2it3ohe1g5eiu08bi1d923ulfqq.apps.googleusercontent.com",
              "client_type": 3
            }
          ]
        }
      }
    }
  ],
  "configuration_version": "1"
}